-- phpMyAdmin SQL Dump
-- version 4.8.4
-- https://www.phpmyadmin.net/
--
-- Hôte : 127.0.0.1:3306
-- Généré le :  ven. 27 sep. 2019 à 15:16
-- Version du serveur :  5.7.24
-- Version de PHP :  7.3.1

SET SQL_MODE = "NO_AUTO_VALUE_ON_ZERO";
SET AUTOCOMMIT = 0;
START TRANSACTION;
SET time_zone = "+00:00";


/*!40101 SET @OLD_CHARACTER_SET_CLIENT=@@CHARACTER_SET_CLIENT */;
/*!40101 SET @OLD_CHARACTER_SET_RESULTS=@@CHARACTER_SET_RESULTS */;
/*!40101 SET @OLD_COLLATION_CONNECTION=@@COLLATION_CONNECTION */;
/*!40101 SET NAMES utf8mb4 */;

--
-- Base de données :  `jhipster`
--

-- --------------------------------------------------------

--
-- Structure de la table `databasechangelog`
--

DROP TABLE IF EXISTS `databasechangelog`;
CREATE TABLE IF NOT EXISTS `databasechangelog` (
  `ID` varchar(255) NOT NULL,
  `AUTHOR` varchar(255) NOT NULL,
  `FILENAME` varchar(255) NOT NULL,
  `DATEEXECUTED` datetime NOT NULL,
  `ORDEREXECUTED` int(11) NOT NULL,
  `EXECTYPE` varchar(10) NOT NULL,
  `MD5SUM` varchar(35) DEFAULT NULL,
  `DESCRIPTION` varchar(255) DEFAULT NULL,
  `COMMENTS` varchar(255) DEFAULT NULL,
  `TAG` varchar(255) DEFAULT NULL,
  `LIQUIBASE` varchar(20) DEFAULT NULL,
  `CONTEXTS` varchar(255) DEFAULT NULL,
  `LABELS` varchar(255) DEFAULT NULL,
  `DEPLOYMENT_ID` varchar(10) DEFAULT NULL
) ENGINE=MyISAM DEFAULT CHARSET=latin1;

--
-- Déchargement des données de la table `databasechangelog`
--

INSERT INTO `databasechangelog` (`ID`, `AUTHOR`, `FILENAME`, `DATEEXECUTED`, `ORDEREXECUTED`, `EXECTYPE`, `MD5SUM`, `DESCRIPTION`, `COMMENTS`, `TAG`, `LIQUIBASE`, `CONTEXTS`, `LABELS`, `DEPLOYMENT_ID`) VALUES
('00000000000001', 'jhipster', 'config/liquibase/changelog/00000000000000_initial_schema.xml', '2019-09-23 17:53:42', 1, 'EXECUTED', '7:41601557597e1094de7fb3656d819edf', 'createTable tableName=jhi_user; createTable tableName=jhi_authority; createTable tableName=jhi_user_authority; addPrimaryKey tableName=jhi_user_authority; addForeignKeyConstraint baseTableName=jhi_user_authority, constraintName=fk_authority_name, ...', '', NULL, '3.5.4', NULL, NULL, '9257621168');

-- --------------------------------------------------------

--
-- Structure de la table `databasechangeloglock`
--

DROP TABLE IF EXISTS `databasechangeloglock`;
CREATE TABLE IF NOT EXISTS `databasechangeloglock` (
  `ID` int(11) NOT NULL,
  `LOCKED` bit(1) NOT NULL,
  `LOCKGRANTED` datetime DEFAULT NULL,
  `LOCKEDBY` varchar(255) DEFAULT NULL,
  PRIMARY KEY (`ID`)
) ENGINE=MyISAM DEFAULT CHARSET=latin1;

--
-- Déchargement des données de la table `databasechangeloglock`
--

INSERT INTO `databasechangeloglock` (`ID`, `LOCKED`, `LOCKGRANTED`, `LOCKEDBY`) VALUES
(1, b'0', NULL, NULL);

-- --------------------------------------------------------

--
-- Structure de la table `jhi_authority`
--

DROP TABLE IF EXISTS `jhi_authority`;
CREATE TABLE IF NOT EXISTS `jhi_authority` (
  `name` varchar(50) NOT NULL,
  PRIMARY KEY (`name`)
) ENGINE=MyISAM DEFAULT CHARSET=latin1;

--
-- Déchargement des données de la table `jhi_authority`
--

INSERT INTO `jhi_authority` (`name`) VALUES
('ROLE_ADMIN'),
('ROLE_USER');

-- --------------------------------------------------------

--
-- Structure de la table `jhi_persistent_audit_event`
--

DROP TABLE IF EXISTS `jhi_persistent_audit_event`;
CREATE TABLE IF NOT EXISTS `jhi_persistent_audit_event` (
  `event_id` bigint(20) NOT NULL AUTO_INCREMENT,
  `principal` varchar(50) NOT NULL,
  `event_date` timestamp NULL DEFAULT NULL,
  `event_type` varchar(255) DEFAULT NULL,
  PRIMARY KEY (`event_id`),
  KEY `idx_persistent_audit_event` (`principal`,`event_date`)
) ENGINE=MyISAM AUTO_INCREMENT=8 DEFAULT CHARSET=latin1;

--
-- Déchargement des données de la table `jhi_persistent_audit_event`
--

INSERT INTO `jhi_persistent_audit_event` (`event_id`, `principal`, `event_date`, `event_type`) VALUES
(1, 'admin', '2019-09-23 15:54:30', 'AUTHENTICATION_SUCCESS'),
(2, 'admin', '2019-09-24 07:05:37', 'AUTHENTICATION_SUCCESS'),
(3, 'admin', '2019-09-24 07:05:38', 'AUTHENTICATION_SUCCESS'),
(4, 'admin', '2019-09-25 07:57:04', 'AUTHENTICATION_SUCCESS'),
(5, 'admin', '2019-09-26 07:15:33', 'AUTHENTICATION_SUCCESS'),
(6, 'admin', '2019-09-26 07:57:50', 'AUTHENTICATION_SUCCESS'),
(7, 'admin', '2019-09-27 07:18:18', 'AUTHENTICATION_SUCCESS');

-- --------------------------------------------------------

--
-- Structure de la table `jhi_persistent_audit_evt_data`
--

DROP TABLE IF EXISTS `jhi_persistent_audit_evt_data`;
CREATE TABLE IF NOT EXISTS `jhi_persistent_audit_evt_data` (
  `event_id` bigint(20) NOT NULL,
  `name` varchar(150) NOT NULL,
  `value` varchar(255) DEFAULT NULL,
  PRIMARY KEY (`event_id`,`name`),
  KEY `idx_persistent_audit_evt_data` (`event_id`)
) ENGINE=MyISAM DEFAULT CHARSET=latin1;

-- --------------------------------------------------------

--
-- Structure de la table `jhi_user`
--

DROP TABLE IF EXISTS `jhi_user`;
CREATE TABLE IF NOT EXISTS `jhi_user` (
  `id` bigint(20) NOT NULL AUTO_INCREMENT,
  `login` varchar(50) NOT NULL,
  `password_hash` varchar(60) NOT NULL,
  `first_name` varchar(50) DEFAULT NULL,
  `last_name` varchar(50) DEFAULT NULL,
  `email` varchar(191) DEFAULT NULL,
  `image_url` varchar(256) DEFAULT NULL,
  `activated` bit(1) NOT NULL,
  `lang_key` varchar(6) DEFAULT NULL,
  `activation_key` varchar(20) DEFAULT NULL,
  `reset_key` varchar(20) DEFAULT NULL,
  `created_by` varchar(50) NOT NULL,
  `created_date` timestamp NULL,
  `reset_date` timestamp NULL DEFAULT NULL,
  `last_modified_by` varchar(50) DEFAULT NULL,
  `last_modified_date` timestamp NULL DEFAULT NULL,
  PRIMARY KEY (`id`),
  UNIQUE KEY `ux_user_login` (`login`),
  UNIQUE KEY `ux_user_email` (`email`)
) ENGINE=MyISAM AUTO_INCREMENT=5 DEFAULT CHARSET=latin1;

--
-- Déchargement des données de la table `jhi_user`
--

INSERT INTO `jhi_user` (`id`, `login`, `password_hash`, `first_name`, `last_name`, `email`, `image_url`, `activated`, `lang_key`, `activation_key`, `reset_key`, `created_by`, `created_date`, `reset_date`, `last_modified_by`, `last_modified_date`) VALUES
(1, 'system', '$2a$10$mE.qmcV0mFU5NcKh73TZx.z4ueI/.bDWbj0T1BYyqP481kGGarKLG', 'System', 'System', 'system@localhost', '', b'1', 'en', NULL, NULL, 'system', NULL, NULL, 'system', NULL),
(2, 'anonymoususer', '$2a$10$j8S5d7Sr7.8VTOYNviDPOeWX8KcYILUVJBsYV83Y5NtECayypx9lO', 'Anonymous', 'User', 'anonymous@localhost', '', b'1', 'en', NULL, NULL, 'system', NULL, NULL, 'system', NULL),
(3, 'admin', '$2a$10$gSAhZrxMllrbgj/kkK9UceBPpChGWJA7SYIb1Mqo.n5aNLq1/oRrC', 'Administrator', 'Administrator', 'admin@localhost', '', b'1', 'en', NULL, NULL, 'system', NULL, NULL, 'system', NULL),
(4, 'user', '$2a$10$VEjxo0jq2YG9Rbk2HmX9S.k1uZBGYUHdUcid3g/vfiEl7lwWgOH/K', 'User', 'User', 'user@localhost', '', b'1', 'en', NULL, NULL, 'system', NULL, NULL, 'system', NULL);

-- --------------------------------------------------------

--
-- Structure de la table `jhi_user_authority`
--

DROP TABLE IF EXISTS `jhi_user_authority`;
CREATE TABLE IF NOT EXISTS `jhi_user_authority` (
  `user_id` bigint(20) NOT NULL,
  `authority_name` varchar(50) NOT NULL,
  PRIMARY KEY (`user_id`,`authority_name`),
  KEY `fk_authority_name` (`authority_name`)
) ENGINE=MyISAM DEFAULT CHARSET=latin1;

--
-- Déchargement des données de la table `jhi_user_authority`
--

INSERT INTO `jhi_user_authority` (`user_id`, `authority_name`) VALUES
(1, 'ROLE_ADMIN'),
(1, 'ROLE_USER'),
(3, 'ROLE_ADMIN'),
(3, 'ROLE_USER'),
(4, 'ROLE_USER');
COMMIT;

/*!40101 SET CHARACTER_SET_CLIENT=@OLD_CHARACTER_SET_CLIENT */;
/*!40101 SET CHARACTER_SET_RESULTS=@OLD_CHARACTER_SET_RESULTS */;
/*!40101 SET COLLATION_CONNECTION=@OLD_COLLATION_CONNECTION */;
